loss,accuracy,precision,recall,f1_score,classification_report
0.3949619233608246,0.8159999847412109,0.8258659164875779,0.816,0.8145966822882397,"{'Benigno': {'precision': 0.7691652470187393, 'recall': 0.903, 'f1-score': 0.8307267709291629, 'support': 1000.0}, 'Maligno': {'precision': 0.8825665859564165, 'recall': 0.729, 'f1-score': 0.7984665936473164, 'support': 1000.0}, 'accuracy': 0.816, 'macro avg': {'precision': 0.8258659164875779, 'recall': 0.8160000000000001, 'f1-score': 0.8145966822882397, 'support': 2000.0}, 'weighted avg': {'precision': 0.8258659164875779, 'recall': 0.816, 'f1-score': 0.8145966822882397, 'support': 2000.0}}"
