loss,accuracy,precision,recall,f1_score,classification_report
0.33109042048454285,0.8575000166893005,0.8630711619477418,0.863,0.8629932866710469,"{'Benigno': {'precision': 0.8579881656804734, 'recall': 0.87, 'f1-score': 0.8639523336643495, 'support': 1000.0}, 'Maligno': {'precision': 0.8681541582150102, 'recall': 0.856, 'f1-score': 0.8620342396777442, 'support': 1000.0}, 'accuracy': 0.863, 'macro avg': {'precision': 0.8630711619477418, 'recall': 0.863, 'f1-score': 0.8629932866710468, 'support': 2000.0}, 'weighted avg': {'precision': 0.8630711619477418, 'recall': 0.863, 'f1-score': 0.8629932866710469, 'support': 2000.0}}"
