loss,accuracy,precision,recall,f1_score,classification_report
0.40388160943984985,0.8015000224113464,0.8038752492845952,0.7985,0.7976049585278498,"{'Benigno': {'precision': 0.7634598411297441, 'recall': 0.865, 'f1-score': 0.8110642287857478, 'support': 1000.0}, 'Maligno': {'precision': 0.8442906574394463, 'recall': 0.732, 'f1-score': 0.7841456882699519, 'support': 1000.0}, 'accuracy': 0.7985, 'macro avg': {'precision': 0.8038752492845952, 'recall': 0.7985, 'f1-score': 0.7976049585278498, 'support': 2000.0}, 'weighted avg': {'precision': 0.8038752492845952, 'recall': 0.7985, 'f1-score': 0.7976049585278498, 'support': 2000.0}}"
