loss,accuracy,precision,recall,f1_score,classification_report
0.4067716598510742,0.8075000047683716,0.8130883301096067,0.8035,0.8019839395370809,"{'Benigno': {'precision': 0.7582978723404256, 'recall': 0.891, 'f1-score': 0.8193103448275864, 'support': 1000.0}, 'Maligno': {'precision': 0.8678787878787879, 'recall': 0.716, 'f1-score': 0.7846575342465754, 'support': 1000.0}, 'accuracy': 0.8035, 'macro avg': {'precision': 0.8130883301096068, 'recall': 0.8035, 'f1-score': 0.8019839395370809, 'support': 2000.0}, 'weighted avg': {'precision': 0.8130883301096067, 'recall': 0.8035, 'f1-score': 0.8019839395370809, 'support': 2000.0}}"
