loss,accuracy,precision,recall,f1_score,classification_report
0.37720465660095215,0.9225000143051147,0.9251533822586764,0.9225,0.9223788916657213,"{'Benigno': {'precision': 0.891566265060241, 'recall': 0.962, 'f1-score': 0.9254449254449254, 'support': 1000.0}, 'Maligno': {'precision': 0.9587404994571118, 'recall': 0.883, 'f1-score': 0.9193128578865174, 'support': 1000.0}, 'accuracy': 0.9225, 'macro avg': {'precision': 0.9251533822586764, 'recall': 0.9225, 'f1-score': 0.9223788916657214, 'support': 2000.0}, 'weighted avg': {'precision': 0.9251533822586764, 'recall': 0.9225, 'f1-score': 0.9223788916657213, 'support': 2000.0}}"
