loss,accuracy,precision,recall,f1_score,classification_report
0.3608120381832123,0.9104999899864197,0.910845521083231,0.9105,0.9104811786678149,"{'Benigno': {'precision': 0.8989310009718173, 'recall': 0.925, 'f1-score': 0.9117792015771317, 'support': 1000.0}, 'Maligno': {'precision': 0.9227600411946447, 'recall': 0.896, 'f1-score': 0.9091831557584982, 'support': 1000.0}, 'accuracy': 0.9105, 'macro avg': {'precision': 0.910845521083231, 'recall': 0.9105000000000001, 'f1-score': 0.9104811786678149, 'support': 2000.0}, 'weighted avg': {'precision': 0.910845521083231, 'recall': 0.9105, 'f1-score': 0.9104811786678149, 'support': 2000.0}}"
